frame_number,x,y,angle
173506,0.5742011531873596,-0.27085087046141476,8.538530599908484
173505,0.7294701967723403,-0.49929811100361077,1.4375730363816057
173510,-0.17297261334619285,-0.9574821061027645,-4.672453902538878
173507,-0.48487139506158794,0.21585135636721087,-4.123477458716569
173509,-0.37152698772027604,-0.6108774902529599,4.382742104853749
173504,-0.27006770450440687,-0.0319975453204866,-1.5086300851851568
173508,-0.06116934862941781,0.26576769144971113,-0.9498747313649005
173512,-0.7260040521898876,0.5651798074455996,6.572653715113152
173511,0.18589534316587608,-0.35578268185675,-2.950575353834548
